pick_no,owner,season_rank,balls,lucky_ball_no,luck
1,Andy,8,9,6,0.9745663856487852
2,Edward,9,9,8,0.9348977164579679
3,Dan,7,9,7,0.8443772492078985
4,Will,6,5,5,0.8384335793618369
5,Martin,11,9,5,0.833449455117087
6,Rolly,4,3,1,0.8233574557756071
7,Jared,5,6,3,0.8136907796324166
8,xxx,12,10,5,0.8073932893485427
9,Devin,3,4,2,0.5808516962707273
10,Steve,10,9,4,0.5707610770423415
11,Brian,2,2,1,0.41763276548687145
12,Tom,1,1,1,0.020869026950911973
  
